-- Crear la base de datos
CREATE DATABASE Escuela;
USE Escuela;

-- Crear la tabla no normalizada
CREATE TABLE Estudiantes (
    ID_Estudiante INT PRIMARY KEY,
    Nombre VARCHAR(100),
    Cursos_Materias VARCHAR(255), -- Columna no atómica
    Profesores VARCHAR(255)        -- Columna no atómica
);

-- Insertar datos en la tabla
INSERT INTO Estudiantes (ID_Estudiante, Nombre, Cursos_Materias, Profesores) VALUES
(1, 'Juan Pérez', 'Matemáticas, Historia', 'Dr. Smith, Prof. Johnson'),
(2, 'María López', 'Ciencias, Matemáticas', 'Dr. Brown, Prof. Davis'),
(3, 'Carlos García', 'Literatura, Historia', 'Prof. Miller, Dr. Wilson'),
(4, 'Ana Martínez', 'Matemáticas, Ciencias', 'Dr. Taylor, Prof. Anderson'),
(5, 'Luis Rodríguez', 'Inglés, Literatura', 'Prof. Harris, Dr. Clark'),
(6, 'Laura Fernández', 'Ciencias, Inglés', 'Dr. Lewis, Prof. Young'),
(7, 'Javier Torres', 'Historia, Matemáticas', 'Prof. Hall, Dr. Allen'),
(8, 'Sofía Ramírez', 'Ciencias, Historia', 'Prof. King, Dr. Wright'),
(9, 'Diego Sánchez', 'Inglés, Literatura', 'Dr. Scott, Prof. Green'),
(10, 'Claudia Morales', 'Literatura, Ciencias', 'Prof. Adams, Dr. Baker'),
(11, 'Andrés Jiménez', 'Matemáticas, Inglés', 'Dr. Nelson, Prof. Carter'),
(12, 'Valentina Ruiz', 'Ciencias, Historia', 'Prof. Mitchell, Dr. Perez'),
(13, 'Raúl Castro', 'Matemáticas, Literatura', 'Dr. Roberts, Prof. Turner'),
(14, 'Gabriela Ortega', 'Historia, Inglés', 'Prof. Phillips, Dr. Rivera'),
(15, 'Fernando Herrera', 'Ciencias, Matemáticas', 'Dr. Edwards, Prof. Cooper'),
(16, 'Patricia Morales', 'Literatura, Ciencias', 'Prof. Morgan, Dr. Reed'),
(17, 'Nicolás Romero', 'Matemáticas, Historia', 'Dr. Cook, Prof. Bell'),
(18, 'Verónica Castillo', 'Inglés, Ciencias', 'Prof. Murphy, Dr. Cooper'),
(19, 'Ricardo Mendoza', 'Literatura, Matemáticas', 'Dr. Bailey, Prof. Kelly'),
(20, 'Lucía Silva', 'Ciencias, Historia', 'Prof. Rivera, Dr. Cox'),
(21, 'Pablo González', 'Matemáticas, Inglés', 'Dr. Ward, Prof. Jenkins'),
(22, 'Carla Vega', 'Ciencias, Literatura', 'Prof. Torres, Dr. Foster'),
(23, 'Jorge Medina', 'Historia, Matemáticas', 'Dr. Price, Prof. Ramirez'),
(24, 'Marta Castro', 'Inglés, Ciencias', 'Prof. Wood, Dr. Bell'),
(25, 'Esteban Torres', 'Literatura, Historia', 'Dr. Diaz, Prof. Sanders'),
(26, 'Silvia Gómez', 'Ciencias, Matemáticas', 'Prof. Perry, Dr. Perry'),
(27, 'Alberto Fernández', 'Historia, Inglés', 'Dr. Hughes, Prof. Long'),
(28, 'Monica Ruiz', 'Literatura, Ciencias', 'Prof. Ross, Dr. Reed'),
(29, 'Gustavo Salazar', 'Matemáticas, Historia', 'Dr. Foster, Prof. Morgan'),
(30, 'Rosa López', 'Ciencias, Inglés', 'Prof. Cooper, Dr. Edwards');


-- Crear la tabla de Matrículas con filas duplicadas
CREATE TABLE Matriculas (
    ID_Matricula INT PRIMARY KEY,
    ID_Estudiante INT,
    Nombre_Estudiante VARCHAR(100),
    Curso VARCHAR(100),
    Materia VARCHAR(100),
    Profesor VARCHAR(100),
    Calificacion INT
);

-- Insertar datos en la tabla, incluyendo filas duplicadas
INSERT INTO Matriculas (ID_Matricula, ID_Estudiante, Nombre_Estudiante, Curso, Materia, Profesor, Calificacion) VALUES
(1, 1, 'Juan Pérez', 'Matemáticas', 'Álgebra', 'Dr. Smith', 90),
(2, 1, 'Juan Pérez', 'Matemáticas', 'Geometría', 'Dr. Smith', 85),
(3, 2, 'María López', 'Ciencias', 'Biología', 'Dr. Brown', 95),
(4, 2, 'María López', 'Ciencias', 'Química', 'Dr. Brown', 88),
(5, 3, 'Carlos García', 'Literatura', 'Poesía', 'Prof. Miller', 92),
(6, 3, 'Carlos García', 'Literatura', 'Novela', 'Prof. Miller', 89),
(7, 4, 'Ana Martínez', 'Matemáticas', 'Cálculo', 'Dr. Taylor', 80),
(8, 4, 'Ana Martínez', 'Ciencias', 'Física', 'Dr. Taylor', 87),
(9, 5, 'Luis Rodríguez', 'Inglés', 'Gramática', 'Prof. Harris', 94),
(10, 5, 'Luis Rodríguez', 'Literatura', 'Cuento', 'Prof. Harris', 91),
(11, 6, 'Laura Fernández', 'Ciencias', 'Astronomía', 'Dr. Lewis', 85),
(12, 6, 'Laura Fernández', 'Inglés', 'Literatura', 'Dr. Lewis', 90),
(13, 7, 'Javier Torres', 'Historia', 'Antigua', 'Prof. Hall', 88),
(14, 7, 'Javier Torres', 'Matemáticas', 'Estadística', 'Prof. Hall', 82),
(15, 8, 'Sofía Ramírez', 'Ciencias', 'Geología', 'Prof. King', 93),
(16, 8, 'Sofía Ramírez', 'Historia', 'Moderna', 'Prof. King', 90),
(17, 9, 'Diego Sánchez', 'Inglés', 'Literatura', 'Dr. Scott', 86),
(18, 9, 'Diego Sánchez', 'Literatura', 'Ensayo', 'Dr. Scott', 84),
(19, 10, 'Claudia Morales', 'Literatura', 'Cuento', 'Prof. Adams', 91),
(20, 10, 'Claudia Morales', 'Ciencias', 'Física', 'Prof. Adams', 88),
(21, 11, 'Andrés Jiménez', 'Matemáticas', 'Álgebra', 'Dr. Nelson', 78),
(22, 11, 'Andrés Jiménez', 'Inglés', 'Literatura', 'Dr. Nelson', 82),
(23, 12, 'Valentina Ruiz', 'Ciencias', 'Biología', 'Prof. Mitchell', 89),
(24, 12, 'Valentina Ruiz', 'Historia', 'Contemporánea', 'Prof. Mitchell', 91),
(25, 13, 'Raúl Castro', 'Literatura', 'Drama', 'Dr. Roberts', 87),
(26, 13, 'Raúl Castro', 'Matemáticas', 'Cálculo', 'Dr. Roberts', 83),
(27, 14, 'Gabriela Ortega', 'Historia', 'Antigua', 'Prof. Phillips', 90),
(28, 14, 'Gabriela Ortega', 'Inglés', 'Literatura', 'Prof. Phillips', 92),
(29, 15, 'Fernando Herrera', 'Ciencias', 'Química', 'Dr. Edwards', 94),
(30, 15, 'Fernando Herrera', 'Matemáticas', 'Álgebra', 'Dr. Edwards', 89),
(31, 1, 'Juan Pérez', 'Matemáticas', 'Álgebra', 'Dr. Smith', 90),  -- Duplicado
(32, 5, 'Luis Rodríguez', 'Literatura', 'Cuento', 'Prof. Harris', 91); -- Duplicado




-- Crear la tabla denormalizada con nombre y apellido combinados
CREATE TABLE Registro_Escolar (
    Nombre_Estudiante VARCHAR(100),    -- Nombre completo del estudiante
    Fecha_Nacimiento DATE,
    Nombre_Profesor VARCHAR(255),       -- Nombre completo del profesor (ahora incluye apellido)
    Especialidad_Profesor VARCHAR(100),
    Nombre_Materia VARCHAR(255),        -- Permitir múltiples materias
    Creditos_Materia INT,
    Nombre_Curso VARCHAR(100),
    Fecha_Inicio_Curso DATE,
    Fecha_Fin_Curso DATE,
    Calificacion VARCHAR(255)           -- Permitir múltiples calificaciones
);


select * from Registro_Escolar;

-- Insertar datos en la tabla denormalizada con valores no atómicos
INSERT INTO Registro_Escolar (Nombre_Estudiante, Fecha_Nacimiento, 
                              Nombre_Profesor, Especialidad_Profesor, 
                              Nombre_Materia, Creditos_Materia, 
                              Nombre_Curso, Fecha_Inicio_Curso, 
                              Fecha_Fin_Curso, Calificacion) VALUES
('Juan Pérez', '2005-03-15', 'Carlos Gutiérrez, Ana Martínez', 'Matemáticas', 
 'Álgebra, Geometría', 3, '1º Año', '2024-01-10', '2024-12-20', '90, 85'),
('María López', '2004-05-22', 'Ana Martínez', 'Ciencias', 'Biología', 4, 
 '1º Año', '2024-01-10', '2024-12-20', '85'),
('Carlos García', '2003-07-30', 'Luis Hernández', 'Literatura', 
 'Poesía, Drama', 3, '1º Año', '2024-01-10', '2024-12-20', '92'),
('Ana Martínez', '2005-02-18', 'Sofía Castillo', 'Historia', 
 'Historia Antigua', 3, '1º Año', '2024-01-10', '2024-12-20', '88'),
('Luis Rodríguez', '2006-01-12', 'Fernando Reyes', 'Inglés', 
 'Gramática, Literatura', 3, '1º Año', '2024-01-10', '2024-12-20', '94'),
('Laura Fernández', '2005-04-25', 'Carlos Gutiérrez', 'Matemáticas', 
 'Geometría', 3, '1º Año', '2024-01-10', '2024-12-20', '90'),
('Javier Torres', '2007-09-10', 'Ana Martínez', 'Ciencias', 
 'Química, Física', 4, '1º Año', '2024-01-10', '2024-12-20', '85, 91'),
('Sofía Ramírez', '2004-11-20', 'Luis Hernández', 'Literatura', 
 'Novela, Cuento', 3, '1º Año', '2024-01-10', '2024-12-20', '89'),
('Diego Sánchez', '2006-03-05', 'Sofía Castillo', 'Historia', 
 'Historia Moderna', 3, '1º Año', '2024-01-10', '2024-12-20', '90'),
('Claudia Morales', '2005-06-15', 'Fernando Reyes', 'Inglés', 
 'Literatura', 4, '1º Año', '2024-01-10', '2024-12-20', '91'),
('Juan Pérez', '2005-03-15', 'Carlos Gutiérrez, Ana Martínez', 'Matemáticas', 
 'Álgebra, Geometría', 3, '1º Año', '2024-01-10', '2024-12-20', '90, 85'), -- Fila duplicada
('Andrés Jiménez', '2004-08-09', 'Carlos Gutiérrez', 'Matemáticas', 
 'Cálculo', 4, '1º Año', '2024-01-10', '2024-12-20', '78'),
('Valentina Ruiz', '2003-10-25', 'Ana Martínez', 'Ciencias', 
 'Biología', 4, '1º Año', '2024-01-10', '2024-12-20', '89'),
('Raúl Castro', '2005-01-14', 'Luis Hernández', 'Literatura', 
 'Cuento, Poesía', 3, '1º Año', '2024-01-10', '2024-12-20', '87'),
('Gabriela Ortega', '2006-02-28', 'Sofía Castillo', 'Historia', 
 'Historia Contemporánea', 3, '1º Año', '2024-01-10', '2024-12-20', '90'),
('Fernando Herrera', '2005-12-01', 'Fernando Reyes', 'Inglés', 
 'Ensayo, Crítica', 4, '1º Año', '2024-01-10', '2024-12-20', '94'),
('Patricia Morales', '2004-07-11', 'Carlos Gutiérrez', 'Matemáticas', 
 'Álgebra', 3, '1º Año', '2024-01-10', '2024-12-20', '90'),
('Nicolás Romero', '2005-09-19', 'Ana Martínez', 'Ciencias', 
 'Física, Química', 4, '1º Año', '2024-01-10', '2024-12-20', '88'),
('Verónica Castillo', '2003-03-30', 'Luis Hernández', 'Literatura', 
 'Drama, Novela', 4, '1º Año', '2024-01-10', '2024-12-20', '82'),
('Ricardo Mendoza', '2006-10-22', 'Sofía Castillo', 'Historia', 
 'Historia Antigua, Moderna', 3, '1º Año', '2024-01-10', '2024-12-20', '85'),
('Lucía Silva', '2005-05-05', 'Fernando Reyes', 'Inglés', 
 'Literatura', 4, '1º Año', '2024-01-10', '2024-12-20', '91'),
('Pablo González', '2004-04-17', 'Carlos Gutiérrez', 'Matemáticas', 
 'Cálculo', 4, '1º Año', '2024-01-10', '2024-12-20', '78'),
('Carla Vega', '2003-11-03', 'Ana Martínez', 'Ciencias', 
 'Química', 4, '1º Año', '2024-01-10', '2024-12-20', '93'),
('Jorge Medina', '2006-06-21', 'Luis Hernández', 'Literatura', 
 'Novela', 3, '1º Año', '2024-01-10', '2024-12-20', '87'),
('Marta Castro', '2005-08-29', 'Sofía Castillo', 'Historia', 
 'Historia Moderna, Antigua', 3, '1º Año', '2024-01-10', '2024-12-20', '88'),
('Esteban Torres', '2003-12-14', 'Fernando Reyes', 'Inglés', 
 'Gramática', 4, '1º Año', '2024-01-10', '2024-12-20', '92'),
('Silvia Gómez', '2004-09-09', 'Carlos Gutiérrez', 'Matemáticas', 
 'Álgebra', 3, '1º Año', '2024-01-10', '2024-12-20', '90'),
('Alberto Fernández', '2003-02-11', 'Ana Martínez', 'Ciencias', 
 'Biología', 4, '1º Año', '2024-01-10', '2024-12-20', '89'),
('Monica Ruiz', '2005-04-22', 'Luis Hernández', 'Literatura', 
 'Poesía', 3, '1º Año', '2024-01-10', '2024-12-20', '94'),
('Gustavo Salazar', '2006-01-07', 'Sofía Castillo', 'Historia', 
 'Historia Contemporánea', 3, '1º Año', '2024-01-10', '2024-12-20', '91'),
('Clara Núñez', '2005-06-30', 'Fernando Reyes', 'Inglés', 
 'Cuento', 4, '1º Año', '2024-01-10', '2024-12-20', '88'),
('Santiago Morales', '2004-02-15', 'Carlos Gutiérrez', 'Matemáticas', 
 'Cálculo', 4, '1º Año', '2024-01-10', '2024-12-20', '76'),
('Isabel Pérez', '2005-11-26', 'Ana Martínez', 'Ciencias', 
 'Química', 4, '1º Año', '2024-01-10', '2024-12-20', '82'),
('Daniela Salas', '2006-07-12', 'Luis Hernández', 'Literatura', 
 'Novela', 3, '1º Año', '2024-01-10', '2024-12-20', '95'),
('Rafael Soto', '2003-08-05', 'Sofía Castillo', 'Historia', 
 'Historia Moderna', 3, '1º Año', '2024-01-10', '2024-12-20', '87'),
('Ana Cruz', '2005-05-17', 'Fernando Reyes', 'Inglés', 
 'Gramática', 4, '1º Año', '2024-01-10', '2024-12-20', '90'),
('Felipe Cordero', '2003-10-30', 'Carlos Gutiérrez', 'Matemáticas', 
 'Álgebra', 3, '1º Año', '2024-01-10', '2024-12-20', '78'),
('Luciana Gallardo', '2004-06-05', 'Ana Martínez', 'Ciencias', 
 'Biología', 4, '1º Año', '2024-01-10', '2024-12-20', '84'),
('Emilio Sierra', '2005-11-15', 'Luis Hernández', 'Literatura', 
 'Cuento', 3, '1º Año', '2024-01-10', '2024-12-20', '91'),
('Victoria López', '2006-04-14', 'Sofía Castillo', 'Historia', 
 'Historia Antigua', 3, '1º Año', '2024-01-10', '2024-12-20', '88'),
('Ezequiel Ramírez', '2005-12-02', 'Fernando Reyes', 'Inglés', 
 'Literatura', 4, '1º Año', '2024-01-10', '2024-12-20', '92'),
('Martín Maldonado', '2004-11-23', 'Carlos Gutiérrez', 'Matemáticas', 
 'Cálculo', 4, '1º Año', '2024-01-10', '2024-12-20', '79'),
('Rocío Escobar', '2005-03-16', 'Ana Martínez', 'Ciencias', 
 'Química', 4, '1º Año', '2024-01-10', '2024-12-20', '91'),
('Samuel Sánchez', '2004-08-04', 'Luis Hernández', 'Literatura', 
 'Poesía', 3, '1º Año', '2024-01-10', '2024-12-20', '85'),
('Alicia Martínez', '2003-09-20', 'Sofía Castillo', 'Historia', 
 'Historia Moderna', 3, '1º Año', '2024-01-10', '2024-12-20', '90'),
('Omar Valdez', '2005-10-10', 'Fernando Reyes', 'Inglés', 
 'Cuento', 4, '1º Año', '2024-01-10', '2024-12-20', '88'),
('Felicia González', '2006-01-29', 'Carlos Gutiérrez', 'Matemáticas', 
 'Álgebra', 3, '1º Año', '2024-01-10', '2024-12-20', '92'),
('Martina Zapata', '2004-12-12', 'Ana Martínez', 'Ciencias', 
 'Biología', 4, '1º Año', '2024-01-10', '2024-12-20', '89'),
('Cristian Mora', '2005-07-07', 'Luis Hernández', 'Literatura', 
 'Novela', 3, '1º Año', '2024-01-10', '2024-12-20', '90'),
('Carmen Fuentes', '2005-08-23', 'Sofía Castillo', 'Historia', 
 'Historia Antigua', 3, '1º Año', '2024-01-10', '2024-12-20', '91');



CREATE TABLE Registro_Escolar1 (
    Nombre_Estudiante VARCHAR(100),    -- Nombre completo del estudiante
    Fecha_Nacimiento DATE,
    Nombre_Profesor1 VARCHAR(255),
    Nombre_Profesor2 VARCHAR(255),
    Especialidad_Profesor1 VARCHAR(100),
    Especialidad_Profesor2 VARCHAR(100),
    Nombre_Materia VARCHAR(255),
    Creditos_Materia INT,
    Nombre_Curso VARCHAR(100),
    Fecha_Inicio_Curso DATE,
    Fecha_Fin_Curso DATE,
    Calificacion VARCHAR(255)           -- Permitir múltiples calificaciones
);


-- Insertar datos en la tabla Registro_Escolar1
INSERT INTO Registro_Escolar1 (Nombre_Estudiante, Fecha_Nacimiento, 
                                 Nombre_Profesor1, Nombre_Profesor2, 
                                 Especialidad_Profesor1, Especialidad_Profesor2, 
                                 Nombre_Materia, Creditos_Materia, 
                                 Nombre_Curso, Fecha_Inicio_Curso, 
                                 Fecha_Fin_Curso, Calificacion) VALUES
('Juan Pérez', '2005-03-15', 'Carlos Gutiérrez', 'Ana Martínez', 
 'Matemáticas', 'Física', 'Álgebra, Geometría', 3, 
 '1º Año', '2024-01-10', '2024-12-20', '90, 85'),
('María López', '2004-05-22', 'Ana Martínez', 'Luis Hernández', 
 'Ciencias', 'Literatura', 'Biología', 4, 
 '1º Año', '2024-01-10', '2024-12-20', '85'),
('Carlos García', '2003-07-30', 'Luis Hernández', 'Sofía Castillo', 
 'Literatura', 'Historia', 'Poesía, Drama', 3, 
 '1º Año', '2024-01-10', '2024-12-20', '92'),
('Ana Martínez', '2005-02-18', 'Sofía Castillo', 'Fernando Reyes', 
 'Historia', 'Inglés', 'Historia Antigua', 3, 
 '1º Año', '2024-01-10', '2024-12-20', '88'),
('Luis Rodríguez', '2006-01-12', 'Fernando Reyes', 'Carlos Gutiérrez', 
 'Inglés', 'Matemáticas', 'Gramática, Literatura', 3, 
 '1º Año', '2024-01-10', '2024-12-20', '94'),
('Laura Fernández', '2005-04-25', 'Carlos Gutiérrez', 'Ana Martínez', 
 'Matemáticas', 'Ciencias', 'Geometría', 3, 
 '1º Año', '2024-01-10', '2024-12-20', '90'),
('Javier Torres', '2007-09-10', 'Ana Martínez', 'Luis Hernández', 
 'Ciencias', 'Literatura', 'Química, Física', 4, 
 '1º Año', '2024-01-10', '2024-12-20', '85, 91'),
('Sofía Ramírez', '2004-11-20', 'Luis Hernández', 'Sofía Castillo', 
 'Literatura', 'Historia', 'Novela, Cuento', 3, 
 '1º Año', '2024-01-10', '2024-12-20', '89'),
('Diego Sánchez', '2006-03-05', 'Sofía Castillo', 'Fernando Reyes', 
 'Historia', 'Inglés', 'Historia Moderna', 3, 
 '1º Año', '2024-01-10', '2024-12-20', '90'),
('Claudia Morales', '2005-06-15', 'Fernando Reyes', 'Ana Martínez', 
 'Inglés', 'Matemáticas', 'Literatura', 4, 
 '1º Año', '2024-01-10', '2024-12-20', '91'),
('Juan Pérez', '2005-03-15', 'Carlos Gutiérrez', 'Ana Martínez', 
 'Matemáticas', 'Física', 'Álgebra, Geometría', 3, 
 '1º Año', '2024-01-10', '2024-12-20', '90, 85'), -- Fila duplicada
('Andrés Jiménez', '2004-08-09', 'Carlos Gutiérrez', 'Ana Martínez', 
 'Matemáticas', 'Física', 'Cálculo', 4, 
 '1º Año', '2024-01-10', '2024-12-20', '78'),
('Valentina Ruiz', '2003-10-25', 'Ana Martínez', 'Luis Hernández', 
 'Ciencias', 'Literatura', 'Biología', 4, 
 '1º Año', '2024-01-10', '2024-12-20', '89'),
('Raúl Castro', '2005-01-14', 'Luis Hernández', 'Sofía Castillo', 
 'Literatura', 'Historia', 'Cuento, Poesía', 3, 
 '1º Año', '2024-01-10', '2024-12-20', '87'),
('Gabriela Ortega', '2006-02-28', 'Sofía Castillo', 'Fernando Reyes', 
 'Historia', 'Ciencias', 'Historia Contemporánea', 3, 
 '1º Año', '2024-01-10', '2024-12-20', '90'),
('Fernando Herrera', '2005-12-01', 'Fernando Reyes', 'Carlos Gutiérrez', 
 'Inglés', 'Matemáticas', 'Ensayo, Crítica', 4, 
 '1º Año', '2024-01-10', '2024-12-20', '94'),
('Patricia Morales', '2004-07-11', 'Carlos Gutiérrez', 'Ana Martínez', 
 'Matemáticas', 'Ciencias', 'Álgebra', 3, 
 '1º Año', '2024-01-10', '2024-12-20', '90'),
('Nicolás Romero', '2005-09-19', 'Ana Martínez', 'Luis Hernández', 
 'Ciencias', 'Literatura', 'Física, Química', 4, 
 '1º Año', '2024-01-10', '2024-12-20', '88'),
('Verónica Castillo', '2003-03-30', 'Luis Hernández', 'Sofía Castillo', 
 'Literatura', 'Historia', 'Drama, Novela', 4, 
 '1º Año', '2024-01-10', '2024-12-20', '82'),
('Ricardo Mendoza', '2006-10-22', 'Sofía Castillo', 'Fernando Reyes', 
 'Historia', 'Ciencias', 'Historia Antigua, Moderna', 3, 
 '1º Año', '2024-01-10', '2024-12-20', '85'),
('Lucía Silva', '2005-05-05', 'Fernando Reyes', 'Ana Martínez', 
 'Inglés', 'Matemáticas', 'Literatura', 4, 
 '1º Año', '2024-01-10', '2024-12-20', '91'),
('Pablo González', '2004-04-17', 'Carlos Gutiérrez', 'Ana Martínez', 
 'Matemáticas', 'Física', 'Cálculo', 4, 
 '1º Año', '2024-01-10', '2024-12-20', '78'),
('Carla Vega', '2003-11-03', 'Ana Martínez', 'Luis Hernández', 
 'Ciencias', 'Literatura', 'Química', 4, 
 '1º Año', '2024-01-10', '2024-12-20', '93'),
('Jorge Medina', '2006-06-21', 'Luis Hernández', 'Sofía Castillo', 
 'Literatura', 'Historia', 'Novela', 3, 
 '1º Año', '2024-01-10', '2024-12-20', '87'),
('Marta Castro', '2005-08-29', 'Sofía Castillo', 'Fernando Reyes', 
 'Historia', 'Ciencias', 'Historia Moderna, Antigua', 3, 
 '1º Año', '2024-01-10', '2024-12-20', '88'),
('Esteban Torres', '2003-12-14', 'Fernando Reyes', 'Carlos Gutiérrez', 
 'Inglés', 'Matemáticas', 'Gramática', 4, 
 '1º Año', '2024-01-10', '2024-12-20', '92'),
('Silvia Gómez', '2004-09-09', 'Carlos Gutiérrez', 'Fernando Reyes', 
 'Matemáticas', 'Ciencias', 'Álgebra', 3, 
 '1º Año', '2024-01-10', '2024-12-20', '90'),
('Alberto Fernández', '2003-02-11', 'Ana Martínez', 'Luis Hernández', 
 'Ciencias', 'Literatura', 'Biología', 4, 
 '1º Año', '2024-01-10', '2024-12-20', '89'),
('Monica Ruiz', '2005-04-22', 'Luis Hernández', 'Sofía Castillo', 
 'Literatura', 'Ciencias', 'Poesía', 3, 
 '1º Año', '2024-01-10', '2024-12-20', '94'),
('Gustavo Salazar', '2006-01-07', 'Sofía Castillo', 'Fernando Reyes', 
 'Historia', 'Ciencias', 'Historia Contemporánea', 3, 
 '1º Año', '2024-01-10', '2024-12-20', '91'),
('Clara Núñez', '2005-06-30', 'Fernando Reyes', 'Carlos Gutiérrez', 
 'Inglés', 'Matemáticas', 'Cuento', 4, 
 '1º Año', '2024-01-10', '2024-12-20', '88'),
('Santiago Morales', '2004-02-15', 'Ana Martínez', 'Luis Hernández', 
 'Matemáticas', 'Ciencias', 'Cálculo', 4, 
 '1º Año', '2024-01-10', '2024-12-20', '76'),
('Isabel Pérez', '2005-11-26', 'Luis Hernández', 'Ana Martínez', 
 'Ciencias', 'Literatura', 'Química', 4, 
 '1º Año', '2024-01-10', '2024-12-20', '82'),
('Daniela Salas', '2006-07-12', 'Fernando Reyes', 'Sofía Castillo', 
 'Literatura', 'Ciencias', 'Novela', 3, 
 '1º Año', '2024-01-10', '2024-12-20', '95'),
('Rafael Soto', '2003-08-05', 'Ana Martínez', 'Luis Hernández', 
 'Historia', 'Ciencias', 'Historia Moderna', 3, 
 '1º Año', '2024-01-10', '2024-12-20', '87'),
('Ana Cruz', '2005-05-17', 'Luis Hernández', 'Fernando Reyes', 
 'Inglés', 'Literatura', 'Gramática', 4, 
 '1º Año', '2024-01-10', '2024-12-20', '90'),
('Felipe Cordero', '2003-10-30', 'Carlos Gutiérrez', 'Ana Martínez', 
 'Matemáticas', 'Ciencias', 'Álgebra', 3, 
 '1º Año', '2024-01-10', '2024-12-20', '78'),
('Luciana Gallardo', '2004-06-05', 'Ana Martínez', 'Luis Hernández', 
 'Ciencias', 'Literatura', 'Biología', 4, 
 '1º Año', '2024-01-10', '2024-12-20', '84'),
('Emilio Sierra', '2005-11-15', 'Luis Hernández', 'Sofía Castillo', 
 'Literatura', 'Ciencias', 'Cuento', 3, 
 '1º Año', '2024-01-10', '2024-12-20', '91'),
('Victoria López', '2006-04-14', 'Sofía Castillo', 'Fernando Reyes', 
 'Historia', 'Ciencias', 'Historia Antigua', 3, 
 '1º Año', '2024-01-10', '2024-12-20', '88'),
('Ezequiel Ramírez', '2005-12-02', 'Fernando Reyes', 'Carlos Gutiérrez', 
 'Inglés', 'Literatura', 'Literatura', 4, 
 '1º Año', '2024-01-10', '2024-12-20', '92'),
('Martín Maldonado', '2004-11-23', 'Carlos Gutiérrez', 'Ana Martínez', 
 'Matemáticas', 'Ciencias', 'Cálculo', 4, 
 '1º Año', '2024-01-10', '2024-12-20', '79'),
('Rocío Escobar', '2005-03-16', 'Ana Martínez', 'Luis Hernández', 
 'Ciencias', 'Literatura', 'Química', 4, 
 '1º Año', '2024-01-10', '2024-12-20', '91'),
('Samuel Sánchez', '2004-08-04', 'Luis Hernández', 'Sofía Castillo', 
 'Literatura', 'Ciencias', 'Poesía', 3, 
 '1º Año', '2024-01-10', '2024-12-20', '85'),
('Alicia Martínez', '2003-09-20', 'Sofía Castillo', 'Fernando Reyes', 
 'Historia', 'Ciencias', 'Historia Moderna', 3, 
 '1º Año', '2024-01-10', '2024-12-20', '90'),
('Omar Valdez', '2005-10-10', 'Fernando Reyes', 'Carlos Gutiérrez', 
 'Inglés', 'Literatura', 'Cuento', 4, 
 '1º Año', '2024-01-10', '2024-12-20', '88'),
('Felicia González', '2006-01-29', 'Carlos Gutiérrez', 'Ana Martínez', 
 'Matemáticas', 'Ciencias', 'Álgebra', 3, 
 '1º Año', '2024-01-10', '2024-12-20', '92'),
('Martina Zapata', '2004-12-12', 'Ana Martínez', 'Luis Hernández', 
 'Ciencias', 'Literatura', 'Biología', 4, 
 '1º Año', '2024-01-10', '2024-12-20', '89'),
('Cristian Mora', '2005-07-07', 'Luis Hernández', 'Sofía Castillo', 
 'Literatura', 'Ciencias', 'Novela', 3, 
 '1º Año', '2024-01-10', '2024-12-20', '90'),
('Carmen Fuentes', '2005-08-23', 'Ana Martínez', 'Fernando Reyes', 
 'Historia', 'Ciencias', 'Historia Antigua', 3, 
 '1º Año', '2024-01-10', '2024-12-20', '91');

select * from Registro_Escolar1;

